,L1,L2,AA1,AA2,EPI
0,1.0,2.0,K,D,0.05823673076667547
1,1.0,2.0,K,N,-0.0464206813608871
2,1.0,2.0,K,S,-0.11969270699390108
3,1.0,2.0,N,D,0.010193272980650363
4,1.0,2.0,N,N,0.07517437164653529
5,1.0,2.0,N,S,-0.047405696959758645
6,1.0,3.0,K,E,0.46933227555733537
7,1.0,3.0,K,K,-0.29876410159880834
8,1.0,3.0,K,R,-0.3000503556849617
9,1.0,3.0,N,E,-0.2727353704252346
10,1.0,3.0,N,K,0.18241819448290697
11,1.0,3.0,N,R,0.12148676446291574
12,1.0,4.0,K,G,-0.07550474697168737
13,1.0,4.0,K,N,0.013215769313997042
14,1.0,4.0,K,S,-0.0423907988837118
15,1.0,4.0,N,G,-0.12783657850764485
16,1.0,4.0,N,N,0.054237188773317936
17,1.0,4.0,N,S,0.10971335511571396
18,1.0,5.0,K,E,0.3318618695008127
19,1.0,5.0,K,K,-0.41025793260594123
20,1.0,5.0,N,E,0.03859510736804168
21,1.0,5.0,N,K,0.02539076287505395
22,1.0,6.0,K,D,0.1813473734151421
23,1.0,6.0,K,E,0.15920605828267526
24,1.0,6.0,K,K,-0.36062767625882314
25,1.0,6.0,K,T,-0.08061101436707305
26,1.0,6.0,N,D,0.07234426845151119
27,1.0,6.0,N,E,0.004008176426382303
28,1.0,6.0,N,K,-0.1224753219972763
29,1.0,6.0,N,T,0.0780825667583349
30,1.0,7.0,K,L,-0.02359144479622046
31,1.0,7.0,K,S,-0.0762992804870737
32,1.0,7.0,N,L,0.026124340854330512
33,1.0,7.0,N,S,0.014657387291954364
34,2.0,3.0,D,E,-0.013361106487236613
35,2.0,3.0,D,K,0.029162408831443828
36,2.0,3.0,D,R,0.017374911292363324
37,2.0,3.0,N,E,-0.03973715470735443
38,2.0,3.0,N,K,0.129641073686189
39,2.0,3.0,N,R,-0.05053859593615016
40,2.0,3.0,S,E,0.24914382969648616
41,2.0,3.0,S,K,-0.2643598187362568
42,2.0,3.0,S,R,-0.11598637054691607
43,2.0,4.0,D,G,-0.014660569093357481
44,2.0,4.0,D,N,0.10633904406926376
45,2.0,4.0,D,S,-0.061705784165642395
46,2.0,4.0,N,G,0.10659521089641202
47,2.0,4.0,N,N,-0.21293561764237892
48,2.0,4.0,N,S,0.1444048743093299
49,2.0,4.0,S,G,-0.2758646027335635
50,2.0,4.0,S,N,0.1466569673496815
51,2.0,4.0,S,S,-0.009291172733865094
52,2.0,5.0,D,E,-0.18727619206033072
53,2.0,5.0,D,K,0.22366482713301136
54,2.0,5.0,N,E,0.2625693972926956
55,2.0,5.0,N,K,-0.24465398576043754
56,2.0,5.0,S,E,0.26027706808004497
57,2.0,5.0,S,K,-0.3904963831131181
58,2.0,6.0,D,D,-0.051582491701287835
59,2.0,6.0,D,E,0.12188965773391372
60,2.0,6.0,D,K,-0.08084498866730883
61,2.0,6.0,D,T,0.04115347561853469
62,2.0,6.0,N,D,0.07814042779425563
63,2.0,6.0,N,E,0.02235698291631252
64,2.0,6.0,N,K,0.048050916381976096
65,2.0,6.0,N,T,-0.10878200068293609
66,2.0,6.0,S,D,0.20806804299861598
67,2.0,6.0,S,E,0.03786340183876292
68,2.0,6.0,S,K,-0.42108704788763585
69,2.0,6.0,S,T,0.05143457530609795
70,2.0,7.0,D,L,0.033671450738083884
71,2.0,7.0,D,S,0.02587662403185277
72,2.0,7.0,N,L,0.1033707304294785
73,2.0,7.0,N,S,-0.06270176433562483
74,2.0,7.0,S,L,-0.1336975129509392
75,2.0,7.0,S,S,-0.022622655020577438
76,3.0,4.0,E,G,0.027094773170329055
77,3.0,4.0,E,N,-0.17640908510154077
78,3.0,4.0,E,S,0.3338459838028302
79,3.0,4.0,K,G,-0.18428929985991088
80,3.0,4.0,K,N,0.12017211043542374
81,3.0,4.0,K,S,-0.03289124235186136
82,3.0,4.0,R,G,-0.07049808369035418
83,3.0,4.0,R,N,0.12250421294750595
84,3.0,4.0,R,S,-0.2195441709379065
85,3.0,5.0,E,E,-0.21502104872792185
86,3.0,5.0,E,K,0.4153736610638225
87,3.0,5.0,K,E,0.29188195557931973
88,3.0,5.0,K,K,-0.3802188142126761
89,3.0,5.0,R,E,0.2756787725984941
90,3.0,5.0,R,K,-0.4400021418372853
91,3.0,6.0,E,D,-0.40303916998917433
92,3.0,6.0,E,E,-0.3973575875762299
93,3.0,6.0,E,K,0.7052446832242958
94,3.0,6.0,E,T,0.3111132932249484
95,3.0,6.0,K,D,0.3963668561798067
96,3.0,6.0,K,E,0.2289845941503836
97,3.0,6.0,K,K,-0.6254464116070131
98,3.0,6.0,K,T,-0.1168380383464728
99,3.0,6.0,R,D,0.3132836765959973
100,3.0,6.0,R,E,0.31285271328025827
101,3.0,6.0,R,K,-0.5468601282715873
102,3.0,6.0,R,T,-0.21525861061807972
103,3.0,7.0,E,L,0.10364843771251345
104,3.0,7.0,E,S,0.0835475942974199
105,3.0,7.0,K,L,-0.047522304969947984
106,3.0,7.0,K,S,-0.04465023678874331
107,3.0,7.0,R,L,-0.08275063337939628
108,3.0,7.0,R,S,-0.09425399852395913
109,4.0,5.0,G,E,0.004824906006260792
110,4.0,5.0,G,K,-0.23364376830267247
111,4.0,5.0,N,E,0.14168724924903472
112,4.0,5.0,N,K,-0.07023912097619359
113,4.0,5.0,S,E,0.16115672774468295
114,4.0,5.0,S,K,-0.12381331671112093
115,4.0,6.0,G,D,0.1350586867211314
116,4.0,6.0,G,E,0.14664018891275193
117,4.0,6.0,G,K,-0.006781207982530762
118,4.0,6.0,G,T,-0.47756737596315363
119,4.0,6.0,N,D,-0.24192757185188385
120,4.0,6.0,N,E,-0.2320836493635943
121,4.0,6.0,N,K,-0.3333940836891634
122,4.0,6.0,N,T,0.8354614579559348
123,4.0,6.0,S,D,0.34694774792955285
124,4.0,6.0,S,E,0.2509762747049899
125,4.0,6.0,S,K,-0.12915269244509545
126,4.0,6.0,S,T,-0.3870000227186756
127,4.0,7.0,G,L,-0.0642090120993862
128,4.0,7.0,G,S,-0.1379976676751403
129,4.0,7.0,N,L,0.06124288325837825
130,4.0,7.0,N,S,0.009039060723457625
131,4.0,7.0,S,L,0.006936780162609466
132,4.0,7.0,S,S,0.07488119169703622
133,5.0,6.0,E,D,-0.19480619030839988
134,5.0,6.0,E,E,-0.015878211481986
135,5.0,6.0,E,K,0.18992437902531492
136,5.0,6.0,E,T,0.31029192199982386
137,5.0,6.0,K,D,0.4268277058566764
138,5.0,6.0,K,E,0.1856410920340477
139,5.0,6.0,K,K,-0.7720360321130375
140,5.0,6.0,K,T,-0.3058447094363419
141,5.0,7.0,E,L,0.12635111282803793
142,5.0,7.0,E,S,0.19132140617490678
143,5.0,7.0,K,L,-0.12821008373096898
144,5.0,7.0,K,S,-0.23093702632598706
145,6.0,7.0,D,L,0.19640855412946623
146,6.0,7.0,D,S,0.07236585734264736
147,6.0,7.0,E,L,0.06081936057727944
148,6.0,7.0,E,S,0.1095935885412655
149,6.0,7.0,K,L,-0.1800737673387448
150,6.0,7.0,K,S,-0.2988634322757025
151,6.0,7.0,T,L,-0.07618668438097302
152,6.0,7.0,T,S,0.07766206101188801
