,pair,Coevol_S
0,+368/+369,3.1391327920480296e-17
1,+328/n329,0.019227520854288693
2,-329/+369,4.248354255291589e-18
3,-368/n369,3.1391327920480296e-17
4,n329/-344,1.3887943864964021e-11
5,n329/n369,4.248354255291589e-18
6,+328/n369,4.8908384281277545e-15
7,+328/-329,0.0024787521766663585
8,-344/-368,1.026187963170189e-10
9,n328/-368,0.01831563888873418
10,+328/-369,5.602796437537268e-09
11,n329/+369,1.3887943864964021e-11
12,-329/+344,1.3887943864964021e-11
13,n328/+368,0.14207323023569818
14,+344/-369,1.0
15,+328/+344,5.602796438140845e-09
16,n328/-329,0.019227520854288693
17,n328/+369,5.602801328375696e-09
18,-329/-344,5.242885663363464e-22
19,+344/+368,1.026187963170189e-10
20,-344/+369,1.0001234098040868
21,n328/n369,1.713908431542013e-15
22,+328/-368,0.14207323023569818
23,+344/-368,3.873997628687187e-21
24,+344/+369,3.0594007184726857e-07
25,+344/n369,0.00012340980408667956
26,n328/n329,0.0024787521766663585
27,n328/+344,1.5988235787715332e-08
28,+368/-369,1.026187963170189e-10
29,+328/-344,1.5988235787715332e-08
30,-344/-369,3.775134544279098e-11
31,+328/+368,0.01831563888873418
32,+328/+369,1.598823750141225e-08
33,n328/-344,5.602796438140846e-09
34,n329/-368,0.1353352832366127
35,-329/-369,1.3887943864964021e-11
36,-368/+369,1.026187963170189e-10
37,-344/+368,3.873997628687187e-21
38,n329/+344,5.242885663363464e-22
39,-329/+368,0.1353352832366127
40,n328/-369,1.598823578750382e-08
41,-344/n369,3.059023205018258e-07
0,+368/+369,-1.026187963170189e-10
1,+328/n329,-0.0024787521766663585
2,-329/+369,-1.3887943864964021e-11
3,+328/-329,-0.019227520854288693
4,n329/-344,-5.242885663363464e-22
5,+328/n369,-1.713908431542013e-15
6,-344/-368,-3.873997628687187e-21
7,n328/-368,-0.14207323023569818
8,+328/-369,-1.598823578750382e-08
9,-329/+344,-5.242885663363464e-22
10,n329/+369,-4.248354255291589e-18
11,n328/+368,-0.01831563888873418
12,+344/-369,-3.775134544279098e-11
13,+328/+344,-1.5988235787715332e-08
14,n328/-329,-0.0024787521766663585
15,n328/+369,-1.598823750141225e-08
16,-329/-344,-1.3887943864964021e-11
17,+344/+368,-3.873997628687187e-21
18,-344/+369,-3.0594007184726857e-07
19,n329/+368,-0.1353352832366127
20,n329/-369,-1.3887943864964021e-11
21,-368/-369,-1.026187963170189e-10
22,n328/n369,-4.8908384281277545e-15
23,+328/-368,-0.01831563888873418
24,+344/-368,-1.026187963170189e-10
25,+344/+369,-1.0001234098040868
26,+344/n369,-3.059023205018258e-07
27,n328/n329,-0.019227520854288693
28,n328/+344,-5.602796438140845e-09
29,+328/-344,-5.602796438140846e-09
30,-344/-369,-1.0
31,+368/n369,-3.1391327920480296e-17
32,+328/+368,-0.14207323023569818
33,+328/+369,-5.602801328375696e-09
34,n328/-344,-1.5988235787715332e-08
35,-329/n369,-4.248354255291589e-18
36,-329/-368,-0.1353352832366127
37,-368/+369,-3.1391327920480296e-17
38,-344/+368,-1.026187963170189e-10
39,n329/+344,-1.3887943864964021e-11
40,n328/-369,-5.602796437537268e-09
41,-344/n369,-0.00012340980408667956
