,peak_1_year,peak_2_year,peak_1_magnitude,peak_2_magnitude,peak_1_resi,peak_2_resi,peak_1_aa,peak_2_aa,inter_peak_distance,inter_peak_class
0,1974,1970,-0.23333333333333306,0.833333333333333,328,329,n,n,4,-+
1,1974,1970,-0.23333333333333306,-0.833333333333333,328,329,n,-,4,--
2,1976,1970,0.241176470588235,0.833333333333333,328,329,n,n,6,++
3,1976,1970,0.241176470588235,-0.833333333333333,328,329,n,-,6,+-
4,1977,1970,-0.8697478991596636,0.833333333333333,328,329,n,n,7,-+
5,1977,1970,-0.8697478991596636,-0.833333333333333,328,329,n,-,7,--
6,1974,1970,0.23333333333333298,0.833333333333333,328,329,+,n,4,++
7,1974,1970,0.23333333333333298,-0.833333333333333,328,329,+,-,4,+-
8,1976,1970,-0.2411764705882353,0.833333333333333,328,329,+,n,6,-+
9,1976,1970,-0.2411764705882353,-0.833333333333333,328,329,+,-,6,--
10,1977,1970,0.8697478991596643,0.833333333333333,328,329,+,n,7,++
11,1977,1970,0.8697478991596643,-0.833333333333333,328,329,+,-,7,+-
12,1974,1995,-0.23333333333333306,0.6275121275121275,328,344,n,-,21,-+
13,1974,2019,-0.23333333333333306,-0.6256466567259611,328,344,n,-,45,--
14,1974,1995,-0.23333333333333306,-0.613998613998614,328,344,n,+,21,--
15,1974,2019,-0.23333333333333306,0.625825369193286,328,344,n,+,45,-+
16,1976,1995,0.241176470588235,0.6275121275121275,328,344,n,-,19,++
17,1976,2019,0.241176470588235,-0.6256466567259611,328,344,n,-,43,+-
18,1976,1995,0.241176470588235,-0.613998613998614,328,344,n,+,19,+-
19,1976,2019,0.241176470588235,0.625825369193286,328,344,n,+,43,++
20,1977,1995,-0.8697478991596636,0.6275121275121275,328,344,n,-,18,-+
21,1977,2019,-0.8697478991596636,-0.6256466567259611,328,344,n,-,42,--
22,1977,1995,-0.8697478991596636,-0.613998613998614,328,344,n,+,18,--
23,1977,2019,-0.8697478991596636,0.625825369193286,328,344,n,+,42,-+
24,1974,1995,0.23333333333333298,0.6275121275121275,328,344,+,-,21,++
25,1974,2019,0.23333333333333298,-0.6256466567259611,328,344,+,-,45,+-
26,1974,1995,0.23333333333333298,-0.613998613998614,328,344,+,+,21,+-
27,1974,2019,0.23333333333333298,0.625825369193286,328,344,+,+,45,++
28,1976,1995,-0.2411764705882353,0.6275121275121275,328,344,+,-,19,-+
29,1976,2019,-0.2411764705882353,-0.6256466567259611,328,344,+,-,43,--
30,1976,1995,-0.2411764705882353,-0.613998613998614,328,344,+,+,19,--
31,1976,2019,-0.2411764705882353,0.625825369193286,328,344,+,+,43,-+
32,1977,1995,0.8697478991596643,0.6275121275121275,328,344,+,-,18,++
33,1977,2019,0.8697478991596643,-0.6256466567259611,328,344,+,-,42,+-
34,1977,1995,0.8697478991596643,-0.613998613998614,328,344,+,+,18,+-
35,1977,2019,0.8697478991596643,0.625825369193286,328,344,+,+,42,++
36,1974,1972,-0.23333333333333306,0.75,328,368,n,-,2,-+
37,1974,1972,-0.23333333333333306,-0.75,328,368,n,+,2,--
38,1976,1972,0.241176470588235,0.75,328,368,n,-,4,++
39,1976,1972,0.241176470588235,-0.75,328,368,n,+,4,+-
40,1977,1972,-0.8697478991596636,0.75,328,368,n,-,5,-+
41,1977,1972,-0.8697478991596636,-0.75,328,368,n,+,5,--
42,1974,1972,0.23333333333333298,0.75,328,368,+,-,2,++
43,1974,1972,0.23333333333333298,-0.75,328,368,+,+,2,+-
44,1976,1972,-0.2411764705882353,0.75,328,368,+,-,4,-+
45,1976,1972,-0.2411764705882353,-0.75,328,368,+,+,4,--
46,1977,1972,0.8697478991596643,0.75,328,368,+,-,5,++
47,1977,1972,0.8697478991596643,-0.75,328,368,+,+,5,+-
48,1974,2010,-0.23333333333333306,0.8323285358018688,328,369,n,n,36,-+
49,1974,1995,-0.23333333333333306,-0.640332640332641,328,369,n,-,21,--
50,1974,1995,-0.23333333333333306,0.6403326403326405,328,369,n,+,21,-+
51,1974,2010,-0.23333333333333306,-0.833078162821188,328,369,n,+,36,--
52,1976,2010,0.241176470588235,0.8323285358018688,328,369,n,n,34,++
53,1976,1995,0.241176470588235,-0.640332640332641,328,369,n,-,19,+-
54,1976,1995,0.241176470588235,0.6403326403326405,328,369,n,+,19,++
55,1976,2010,0.241176470588235,-0.833078162821188,328,369,n,+,34,+-
56,1977,2010,-0.8697478991596636,0.8323285358018688,328,369,n,n,33,-+
57,1977,1995,-0.8697478991596636,-0.640332640332641,328,369,n,-,18,--
58,1977,1995,-0.8697478991596636,0.6403326403326405,328,369,n,+,18,-+
59,1977,2010,-0.8697478991596636,-0.833078162821188,328,369,n,+,33,--
60,1974,2010,0.23333333333333298,0.8323285358018688,328,369,+,n,36,++
61,1974,1995,0.23333333333333298,-0.640332640332641,328,369,+,-,21,+-
62,1974,1995,0.23333333333333298,0.6403326403326405,328,369,+,+,21,++
63,1974,2010,0.23333333333333298,-0.833078162821188,328,369,+,+,36,+-
64,1976,2010,-0.2411764705882353,0.8323285358018688,328,369,+,n,34,-+
65,1976,1995,-0.2411764705882353,-0.640332640332641,328,369,+,-,19,--
66,1976,1995,-0.2411764705882353,0.6403326403326405,328,369,+,+,19,-+
67,1976,2010,-0.2411764705882353,-0.833078162821188,328,369,+,+,34,--
68,1977,2010,0.8697478991596643,0.8323285358018688,328,369,+,n,33,++
69,1977,1995,0.8697478991596643,-0.640332640332641,328,369,+,-,18,+-
70,1977,1995,0.8697478991596643,0.6403326403326405,328,369,+,+,18,++
71,1977,2010,0.8697478991596643,-0.833078162821188,328,369,+,+,33,+-
72,1970,1995,0.833333333333333,0.6275121275121275,329,344,n,-,25,++
73,1970,2019,0.833333333333333,-0.6256466567259611,329,344,n,-,49,+-
74,1970,1995,0.833333333333333,-0.613998613998614,329,344,n,+,25,+-
75,1970,2019,0.833333333333333,0.625825369193286,329,344,n,+,49,++
76,1970,1995,-0.833333333333333,0.6275121275121275,329,344,-,-,25,-+
77,1970,2019,-0.833333333333333,-0.6256466567259611,329,344,-,-,49,--
78,1970,1995,-0.833333333333333,-0.613998613998614,329,344,-,+,25,--
79,1970,2019,-0.833333333333333,0.625825369193286,329,344,-,+,49,-+
80,1970,1972,0.833333333333333,0.75,329,368,n,-,2,++
81,1970,1972,0.833333333333333,-0.75,329,368,n,+,2,+-
82,1970,1972,-0.833333333333333,0.75,329,368,-,-,2,-+
83,1970,1972,-0.833333333333333,-0.75,329,368,-,+,2,--
84,1970,2010,0.833333333333333,0.8323285358018688,329,369,n,n,40,++
85,1970,1995,0.833333333333333,-0.640332640332641,329,369,n,-,25,+-
86,1970,1995,0.833333333333333,0.6403326403326405,329,369,n,+,25,++
87,1970,2010,0.833333333333333,-0.833078162821188,329,369,n,+,40,+-
88,1970,2010,-0.833333333333333,0.8323285358018688,329,369,-,n,40,-+
89,1970,1995,-0.833333333333333,-0.640332640332641,329,369,-,-,25,--
90,1970,1995,-0.833333333333333,0.6403326403326405,329,369,-,+,25,-+
91,1970,2010,-0.833333333333333,-0.833078162821188,329,369,-,+,40,--
92,1995,1972,0.6275121275121275,0.75,344,368,-,-,23,++
93,1995,1972,0.6275121275121275,-0.75,344,368,-,+,23,+-
94,2019,1972,-0.6256466567259611,0.75,344,368,-,-,47,-+
95,2019,1972,-0.6256466567259611,-0.75,344,368,-,+,47,--
96,1995,1972,-0.613998613998614,0.75,344,368,+,-,23,-+
97,1995,1972,-0.613998613998614,-0.75,344,368,+,+,23,--
98,2019,1972,0.625825369193286,0.75,344,368,+,-,47,++
99,2019,1972,0.625825369193286,-0.75,344,368,+,+,47,+-
100,1995,2010,0.6275121275121275,0.8323285358018688,344,369,-,n,15,++
101,1995,1995,0.6275121275121275,-0.640332640332641,344,369,-,-,0,+-
102,1995,1995,0.6275121275121275,0.6403326403326405,344,369,-,+,0,++
103,1995,2010,0.6275121275121275,-0.833078162821188,344,369,-,+,15,+-
104,2019,2010,-0.6256466567259611,0.8323285358018688,344,369,-,n,9,-+
105,2019,1995,-0.6256466567259611,-0.640332640332641,344,369,-,-,24,--
106,2019,1995,-0.6256466567259611,0.6403326403326405,344,369,-,+,24,-+
107,2019,2010,-0.6256466567259611,-0.833078162821188,344,369,-,+,9,--
108,1995,2010,-0.613998613998614,0.8323285358018688,344,369,+,n,15,-+
109,1995,1995,-0.613998613998614,-0.640332640332641,344,369,+,-,0,--
110,1995,1995,-0.613998613998614,0.6403326403326405,344,369,+,+,0,-+
111,1995,2010,-0.613998613998614,-0.833078162821188,344,369,+,+,15,--
112,2019,2010,0.625825369193286,0.8323285358018688,344,369,+,n,9,++
113,2019,1995,0.625825369193286,-0.640332640332641,344,369,+,-,24,+-
114,2019,1995,0.625825369193286,0.6403326403326405,344,369,+,+,24,++
115,2019,2010,0.625825369193286,-0.833078162821188,344,369,+,+,9,+-
116,1972,2010,0.75,0.8323285358018688,368,369,-,n,38,++
117,1972,1995,0.75,-0.640332640332641,368,369,-,-,23,+-
118,1972,1995,0.75,0.6403326403326405,368,369,-,+,23,++
119,1972,2010,0.75,-0.833078162821188,368,369,-,+,38,+-
120,1972,2010,-0.75,0.8323285358018688,368,369,+,n,38,-+
121,1972,1995,-0.75,-0.640332640332641,368,369,+,-,23,--
122,1972,1995,-0.75,0.6403326403326405,368,369,+,+,23,-+
123,1972,2010,-0.75,-0.833078162821188,368,369,+,+,38,--
